municipio,atracao
Acaiaca,"Estação Ferroviária"
Alvinópolis,"Igreja Matriz de Nossa Senhora do Rosário"
"Alvorada de Minas","Cachoeira da Campina"
"Alvorada de Minas","Igreja Matriz Santo Antônio"
"Alvorada de Minas","Mirante da Escadinha"
"Barão de Cocais","Cachoeira Cocais"
"Barão de Cocais","Cachoeira da Cambota"
"Barão de Cocais","Cruzeiro das Almas"
"Barão de Cocais","Santuário de São João Batista"
"Bela Vista de Minas","Cachoeira do Taquaril"
"Bom Jesus do Amparo","Igreja Matriz Bom Jesus do Amparo"
"Catas Altas","Aqueduto Bicame de Pedra"
"Catas Altas","Banho do Belchior"
"Catas Altas","Capela Santa Quitéria"
"Catas Altas","Caraça Bier Fest - Catas Altas"
"Catas Altas","Igreja de Nossa Senhora do Rosário"
"Catas Altas","Igreja Matriz de Nossa Senhora da Conceição"
"Catas Altas","Pico de Catas Altas"
"Catas Altas","Pico do Baiano"
Cocais,"Fazenda da Estalagem"
Cocais,"Igreja de Nossa Senhora do Rosário"
Cocais,"Igreja de Sant'Anna"
Cocais,"Sitio Arqueológico Pedra Pintada"
Cocais,"Sobrado do Cartório"
"Conceição do Mato Dentro","Balneário Córrego do Baú"
"Conceição do Mato Dentro","Balneário  Piscina de Água Quente"
"Conceição do Mato Dentro","Cachoeira do Tabuleiro"
"Conceição do Mato Dentro","Cachoeira Rabo de Cavalo"
"Conceição do Mato Dentro","Cachoeira Três Barras"
"Conceição do Mato Dentro","Fubá Suado - Conceição do Mato Dentro"
"Conceição do Mato Dentro","Igreja Matriz de Nossa Senhora da Aparecida"
"Conceição do Mato Dentro","Igreja Matriz de Nossa Senhora da Conceição"
"Congonhas do Norte","Cachoeira da Barragem (do Levi)"
"Couto de Magalhães de Minas","Água Santa"
"Couto de Magalhães de Minas","Cachoeira da Fábrica"
"Couto de Magalhães de Minas","Cachoeira dos Vaqueiros"
"Couto de Magalhães de Minas","Cachoeira do Tomé"
"Couto de Magalhães de Minas","Capela Senhor de Bom Jesus de Matozinhos"
"Couto de Magalhães de Minas","Igreja Nossa Senhora da Conceição"
"Couto de Magalhães de Minas","Pinturas Rupestres"
Datas,"Igreja Matriz do Divino Espírito Santo"
Datas,"Lapa Pintada"
Datas,"Morango - Datas"
Diamantina,"Cachoeira das Fadas"
Diamantina,"Cachoeira da Toca"
Diamantina,"Cachoeira dos Cristais"
Diamantina,"Cachoeira dos Remédios"
Diamantina,"Cachoeira do Telésforo"
Diamantina,"Caminho dos Escravos"
Diamantina,"Capela Imperial de Nossa Senhora do Amparo"
Diamantina,"Casa da Chica da Silva"
"Dom Joaquim","APA Gameleira"
"Dom Joaquim","Complexo Turístico da Barragem"
"Dores de Guanhães","Cachoeira da Guarda"
"Dores de Guanhães","Cachoeira do Sabiá"
"Felício dos Santos","Cachoeira do Palmito"
"Felício dos Santos","Igreja Dona Izabel"
"Felício dos Santos","Igreja Sagrado Coração de Jesus"
"Felício dos Santos","Lajeado do Noronha"
Gouveia,"Ampar Barão Capivara"
Gouveia,"Cachoeira Capivara"
Gouveia,"Cachoeira do Cuiabá"
Gouveia,"Cachoeira Engenho"
Gouveia,"Igreja Matriz de Santo Antônio"
Gouveia,"Igreja Nossa Senhora das Dores"
Gouveia,"Rio Capivara"
Gouveia,"Serra do Pasmarra"
Guanhães,"Casa de Cultura Laet Berto"
Guanhães,"Igreja Matriz de São Miguel e Almas"
Guanhães,"Parque Estadual Serra da Candonga"
Ipoema,"Cachoeira Alta"
Ipoema,"Cachoeira do Meio"
Ipoema,"Cachoeira do Patrocínio Amaro"
Ipoema,"Igreja de Nossa Senhora da Conceição"
Ipoema,"Mirante Morro Redondo"
Ipoema,"Museu do Tropeiro - Ipoema"
Ipoema,"Parque Estadual Mata do Limoeiro"
Itabira,"Capela de São José"
Itabira,"Igreja Nossa Senhora do Rosário dos Pretos"
Itabira,"Memorial Carlos Drummond de Andrade"
Itabira,"Pico do Amor"
Itabira,"Reserva da Biosfera da Serra do Espinhaço"
"Itambé do Mato Dentro","Cachoeira das Crioulas"
"Itambé do Mato Dentro","Cachoeira da Serenata"
"Itambé do Mato Dentro","Cachoeira da Vitória"
"Itambé do Mato Dentro","Cachoeira do Funil"
"Itambé do Mato Dentro","Cachoeira do Lúcio"
"Itambé do Mato Dentro","Cânion da Serenata"
"Itambé do Mato Dentro","Festival da Banana - Itambé do Mato Dentro"
"Itambé do Mato Dentro","Igreja Matriz Nossa Senhora das Oliveiras"
Jaboticatubas,"Cachoeira do Sr. Dimas"
Jaboticatubas,"Fazenda do Cipó"
Jaboticatubas,"Igreja Matriz Nossa Senhora da Conceição"
Jaboticatubas,"Igreja Matriz Nossa Senhora do Rosário"
Jaboticatubas,"Pequi - Jaboticatubas"
Jaboticatubas,"Serra do Bené"
"Lagoa Santa","Gruta da Lapinha"
"Lagoa Santa","Lagoa do Sumidouro"
"Lapinha da Serra","Vale do Soberbo"
Mariana,"Cachoeira do Brumado"
Mariana,"Cachoeira Matadouro"
Mariana,"Capela de Sant'Anna"
Mariana,"Catedral da Sé"
Mariana,"Estação Ferroviária"
Mariana,"Igreja Nossa Senhora da Boa Morte"
Mariana,"Igreja Nossa Senhora das Mercês"
Mariana,"Igreja Nossa Senhora do Carmo"
"Milho Verde","Cachoeira do Carijó"
"Milho Verde","Cachoeira do Moinho"
"Milho Verde","Chafariz da Goiabeira"
"Milho Verde","Igreja do Rosário"
"Milho Verde","Rio Jequitinhonha"
Monjolos,"Cachoeira do Bueno"
"Morro do Pilar","Cachoeira das Pedras"
"Morro do Pilar","Cachoeira do Lageado"
"Morro do Pilar","Cachoeira do Pica Pau"
"Morro do Pilar","Cachoeira do Tombo"
"Morro do Pilar","Igreja do Canga"
"Morro do Pilar","Monumento Intendente Câmara"
"Morro do Pilar","Óleo de Indaiá - Morro do Pilar"
"Morro do Pilar","Quintais e Quitandas - Morro do Pilar"
"Ouro Preto","Cachaças - Ouro Preto"
"Ouro Preto","Capela de Nossa Senhora da Piedade"
"Ouro Preto","Capela de Nossa Senhora das Dores do Monte Calvário"
"Ouro Preto","Capela de Santana"
"Ouro Preto","Capela de São João Batista"
"Ouro Preto","Casa da Câmara"
"Ouro Preto","Casa de Thomaz Antônio Gonzaga"
"Ouro Preto","Casa dos Contos"
Passabém,"Igreja Matriz de São José"
"Ponte Nova","Cachoeira do Vau Açu"
"Ponte Nova","Carne de porco - Ponte Nova"
"Ponte Nova","Queijos - Ponte Nova"
"Presidente Kubitschek","Cachoeira da Paca"
"Presidente Kubitschek","Cachoeira do Guaribas"
"Presidente Kubitschek","Cachoeira do Laércio"
"Presidente Kubitschek","Cachoeira do Tamanduá"
"Presidente Kubitschek","Cânion do Funil"
"Presidente Kubitschek","Capela Nossa Senhora de Fátima"
"Presidente Kubitschek","Cascata Ananias"
"Presidente Kubitschek","Igreja de Nossa Senhora das Dores"
Sabinópolis,"Igreja de Nossa Senhora do Rosário"
Sabinópolis,"Igreja Matriz de São Sebastião"
"Santa Bárbara","Antiga Estação"
"Santa Bárbara","Capela da Arquiconfraria do Cordão de São Francisco"
"Santa Bárbara","Casa de Cultura de Santa Bárbara"
"Santa Bárbara","Casa do Mel de Santa Bárbara"
"Santa Bárbara","Igreja de Nossa Senhora das Mercês"
"Santa Bárbara","Igreja de Santo Amaro"
"Santa Bárbara","Igreja Matriz de Santo Antonio"
"Santa Bárbara","Igreja Nossa Senhora do Rosário"
"Santa Luzia","Capela Nossa Senhora do Bonfim"
"Santa Luzia","Estação Ferroviária"
"Santa Luzia","Igreja de Nossa Senhora do Rosário"
"Santa Luzia","Igreja Matriz de Santa Luzia"
"Santa Luzia","Mosteiro de Macaúbas"
"Santa Luzia","Museu Histórico Aurélio Dolabela"
"Santa Luzia","Solar da Baronesa"
"Santana de Pirapama","Cachoeira dos Inhames"
"Santana de Pirapama","Capela de São Sebastião"
"Santo Antônio do Itambé","Cachoeira da Água Santa"
"Santo Antônio do Itambé","Cachoeira da Fumaça"
"Santo Antônio do Itambé","Cachoeira do Lageadão"
"Santo Antônio do Itambé","Cachoeira do Lageado"
"Santo Antônio do Itambé","Chafariz João Baracho"
"Santo Antônio do Itambé","Igreja Matriz de Santo Antônio"
"Santo Antônio do Itambé","Parque Estadual Pico do Itambé"
"Santo Antônio do Rio Abaixo","Cachoeira do Chuvisco"
"Santo Hipólito","Estação Central"
"Santo Hipólito","Igreja Senhora da Glória"
"São Gonçalo do Rio Abaixo","Igreja Matriz Santo Antônio"
"São Gonçalo do Rio Abaixo","Usina Hidrelétrica e Estação Ambiental de PetI"
"São Gonçalo do Rio das Pedras","Cachoeira da Grota Seca"
"São Gonçalo do Rio das Pedras","Cachoeira do Comércio"
"São Gonçalo do Rio das Pedras","Festival do Frango Caipira - São Gonçalo do Rio das Pedras"
"São Gonçalo do Rio das Pedras","Fogão a lenha artesanal - São Gonçalo do Rio das Pedras"
"São Gonçalo do Rio das Pedras","Igreja de Nossa Senhora do Rosário"
"São Gonçalo do Rio das Pedras","Igreja Matriz de São Gonçalo"
"São Gonçalo do Rio Preto","Capela Senhor do Bom Jesus"
"São Gonçalo do Rio Preto","Igreja Matriz São Gonçalo"
"São Gonçalo do Rio Preto","Parque Estadual do Rio Preto"
"São Sebastião do Rio Preto","Igreja de São Sebastião"
"São Sebastião do Rio Preto","Praia da Conquista"
"Senhora do Porto","Igreja Matriz Nossa Senhora do Porto"
"Serra Azul de Minas","Cachoeira da Barragem"
"Serra Azul de Minas","Cachoeira do Trombé"
"Serra do Cipó - Santana do Riacho","Cachoeira Congonhas"
"Serra do Cipó - Santana do Riacho","Cachoeira da Caverna"
"Serra do Cipó - Santana do Riacho","Cachoeira das Andorinhas"
"Serra do Cipó - Santana do Riacho","Cachoeira do Cornélio"
"Serra do Cipó - Santana do Riacho","Cachoeira Grande"
"Serra do Cipó - Santana do Riacho","Cânion Travessão"
"Serra do Cipó - Santana do Riacho","Estátua do Juquinha"
"Serra do Cipó - Santana do Riacho","Mercadinho Comunitário "Tá Caindo Fulô" - Serra do Cipó"
Serro,"Cachaça - Serro"
Serro,"Casa de Caridade Santa Tereza"
Serro,"Casarão de Pedro Lessa"
Serro,"Chácara Barão do Serro"
Serro,"Chácara do Barão de Diamantina"
Serro,"Igreja de Santa Rita"
Serro,"Igreja do Bom Jesus do Matozinhos"
Serro,"Igreja Nossa Senhora do Carmo"
"Alfredo Vasconcelos","Igreja Matriz de Nossa Senhora do Rosário"
"Alfredo Vasconcelos","Morango - Alfredo Vasconcelos"
"Alto Rio Doce","Igreja Nossa Senhora do Rosário"
"Antônio Carlos","Cachoeira Mariana Afonso"
"Antônio Carlos","Casa de Cultura"
"Antônio Carlos","Igreja Matriz Nossa Senhora de Santana"
"Antônio Carlos","Igreja Nossa Senhora do Rosário"
"Antônio Carlos","Igreja São Sebastião"
"Antônio Carlos","Locomotiva 66"
Barbacena,"Basílica de São José Operário"
Barbacena,"Biblioteca da EPCAR"
Barbacena,"Fundação Municipal de Cultura"
Barbacena,"Igreja Boa Morte"
Barbacena,"Igreja do Rosário"
Barbacena,"Igreja Matriz de São Sebastião"
Barbacena,"Igreja Matriz Nossa Senhora da Piedade"
Barbacena,"Museu da Loucura"
"Belmiro Braga","Matriz de São José"
"Bias Fortes","Igreja Nossa Senhora das Dores"
"Capela Nova","Igreja Matriz Nossa Senhora das Dores"
Caranaíba,"Igreja Matriz de Nossa Senhora da Glória"
Carandaí,"Igreja de Nossa Senhora da Glória"
"Catas Altas da Noruega","Capela Nossa Senhora da Conceição"
"Catas Altas da Noruega","Capela Nossa Senhora dos Remédios"
"Catas Altas da Noruega","IGREJA MATRIZ DE SÃO GONÇALO DO AMARANTE"
"Catas Altas da Noruega","Igreja Nossa Senhora do Rosário"
"Catas Altas da Noruega","Museu e Arquivo Histórico Memorial Padre Luiz Gonzaga Pinheiro"
Chácara,"Cachoeira dos Menezes"
Chiador,"Cachoeira Barra Mansa"
Cipotânea,"Igreja Matriz de São Caetano"
"Conselheiro Lafaiete","Biblioteca e Museu Antônio Perdigão"
"Conselheiro Lafaiete","Fazenda da Água Limpa"
"Conselheiro Lafaiete","Igreja Matriz de São Sebastião"
"Conselheiro Lafaiete","Matriz de Nossa Senhora da Conceição"
"Conselheiro Lafaiete","Museu Ferroviário"
"Conselheiro Lafaiete","Praça Barão de Queluz"
"Coronel Pacheco","Cachoeira Triqueda"
"Cristiano Otoni","Cachoeira da Pedra"
"Cristiano Otoni","Cachoeira da Usina"
"Cristiano Otoni","Cachoeira do Balneário"
"Cristiano Otoni","Capela de Nossa Senhora da Guia"
"Cristiano Otoni","Estação Ferroviária de Cristiano Otoni"
"Cristiano Otoni","Igreja Matriz de Santo Antônio"
"Cristiano Otoni","Trilha do João Mina"
"Cristiano Otoni","Trilha Treme Treme"
"Desterro do Melo","Cachoeira dos 5 Saltos"
"Desterro do Melo","Igreja de Nossa Senhora do Rosário"
"Desterro do Melo","Igreja Matriz Nossa Senhora do Desterro"
"Diogo de Vasconcelos","Cachoeira da Laranja"
"Diogo de Vasconcelos","Igreja São Domingos do Gusmão"
"Ewbank da Câmara","Barragem Chapéu das Duvas"
Ibertioga,"Cachoeira do Mato Grosso"
Itaipava,"Castelo de Itaipava"
Itaipava,"Cervejaria Itaiapava"
Itaipava,"Feirinha de Itaipava"
Itatiaia,"Igreja Matriz de Santo Antônio"
Itatiaia,"Monumento Natural de Itatiaia"
"Juiz de Fora","Casa de Cultura"
"Juiz de Fora","Catedral Metropolitana"
"Juiz de Fora","Centro Cultural Bernardo Mascarenhas"
"Juiz de Fora","Cine-Theatro Central"
"Juiz de Fora","Circuito Cervejas Artesanais JF"
"Juiz de Fora","Fórum da Cultura"
"Juiz de Fora","JF Sabores - Juiz de Fora"
"Juiz de Fora","Mercado Municipal - Juiz de Fora"
"Lavras Novas","Cachoeiras de Lavras Novas"
"Lavras Novas","Igreja Nossa Senhora dos Prazeres"
"Lavras Novas","Torresmo de Zé Loureto - Lavras Novas-Chapada"
"Lima Duarte","Igreja Matriz Nossa Senhora das Dores"
"Lima Duarte","Parque Estadual do Ibitipoca"
"Matias Barbosa","Capela do Rosário"
"Matias Barbosa","Labirinto de Túneis"
"Matias Barbosa","Memorial Histórico Cultural"
"Matias Barbosa","Represa Monte Alegre"
Olaria,"Cachoeira do Areal"
"Oliveira Fortes","Cachoeira Usina"
"Ouro Branco","Cachoeira do Itatiaia"
"Ouro Branco","Capela de Nossa Senhora Mãe dos Homens"
"Ouro Branco","Casa de Tiradentes (Fazenda Carreiras)"
"Ouro Branco","Festival da Batata - Ouro Branco"
"Ouro Branco","Igreja Matriz de Santo Antônio de Ouro Branco"
"Ouro Branco",Mirante
"Ouro Branco","Parque Estadual Serra do Ouro Branco"
"Paraíba do Sul","Igreja Matriz de São Pedro e São Paulo"
"Paraíba do Sul","Palacete Barão Ribeiro de Sá"
"Paraíba do Sul","Parque das Águas Minerais Salutaris"
"Paraíba do Sul","Ponte da Parayba"
"Paraíba do Sul","Praça Marquês de São João Marcos"
"Paraíba do Sul","Santuário Bom Jesus de Matosinhos"
"Paraíba do Sul","Theatro Municipal Mariano Aranha"
Petrópolis,"Catedral São Pedro de Alcântara"
Petrópolis,"Circuito da Cerveja - Petrópolis"
Petrópolis,"Museu Imperial"
Petrópolis,"Palácio de Cristal"
Petrópolis,"Parque Nacional da Serra dos Órgãos"
Petrópolis,"Petrópolis Gourmet"
Petrópolis,"Restaurantes - Petrópolis"
Petrópolis,"Vale dos Gourmets"
Piranga,"Rio Piranga"
Piranga,"Santuário Bom Jesus do Matosinhos"
"Presidente Bernardes","Igreja Matriz de Santo Antônio"
Queluzito,"Cachoeira do Maciel"
Queluzito,"Igreja Matriz de Santo Amaro"
Ressaquinha,"Igreja Matriz de São José"
"Santana do Garambéu","Cachoeira da Água Limpa"
"Santana do Garambéu","Cachoeira do Capivari"
"Santana dos Montes","Cachoeira do Santinho"
"Santana dos Montes","Cervejas Artesanais - Santana dos Montes"
"Santana dos Montes","Fazenda do Antônio Quirino"
"Santana dos Montes","Hotéis-fazenda em Santana dos Montes"
"Santana dos Montes","Igreja Matriz de Santana dos Montes"
"Santana dos Montes","Praça da Matriz"
"Santana dos Montes","Vinho - Santana dos Montes"
"Santa Rita de Ibitipoca","Cachoeira do Maurício"
"Santa Rita de Ibitipoca","Cachoeira do Zé Santana"
"Santos Dumont","Museu de Cabangu  (Santos Dumont)"
"Santos Dumont","Queijo do Reino - Santos Dumont"
"Santos Dumont","Represa da Ponte Preta"
"Senhora de Oliveira","Cachoeira da Posse"
"Simão Pereira","Pedra do Paraibuna"
"Simão Pereira","Registro do Paraibuna"
Aiuruoca,"Antiga Estação Ferroviária do Angahy"
Aiuruoca,"Cachoeira da Esperança"
Aiuruoca,"Cachoeira das Fadas"
Aiuruoca,"Cachoeira do Batuque"
Aiuruoca,"Cachoeira do Fundo"
Aiuruoca,"Cachoeira do Tiziu"
Aiuruoca,"Parque Estadual da Serra do Papagaio"
Alagoa,"Cachoeira do Zé Pena"
Alagoa,"Cachoeira Ouro Fala"
Alagoa,"Queijo Artesanal - Alagoa"
Andrelândia,"Cachoeira do Apiário"
Andrelândia,"Matriz Nossa Senhora do Porto da Eterna Salvação"
Andrelândia,"Mirante do Cristo Redentor"
Andrelândia,"Parque Arqueológico da Serra de Santo Antônio"
Andrelândia,"Pedra do Serrote"
Aparecida,"Santuário Nacional de Nossa Senhora Aparecida"
Areias,"Cachoeira da Caroba"
Areias,"Cachoeira do Inácio"
Areias,"Cachoeira Santa Terezinha"
Areias,"Serra da Bocaina"
Baependi,"Cachoeira da Usina"
Baependi,"Cachoeira do Caixão Branco"
Baependi,"Cachoeira do Caldeirão"
Baependi,"Cachoeira do Espraiado do Gamarra"
Baependi,"Cachoeira do Inferninho"
Baependi,"Cachoeira do Juju"
Baependi,"Cachoeira do Moinho"
Baependi,"Cachoeira Honorato Ferreira"
Bananal,"Estação Ferroviária de Bananal"
Bananal,"Solar Aguiar Vallim"
Barroso,"Cachoeira da Lajinha"
Barroso,"Igreja Matriz Santana"
Barroso,"Praça do Cruzeiro"
Barroso,"Réplica da Capela de Santana"
Barroso,"Vestígios da Estrada Real"
"Belo Vale","Cachoeira Boa Esperança"
"Belo Vale","Caminho Belo Vale - Itabirito"
"Cachoeira do Campo","Matriz de Nossa Senhora de Nazaré"
"Cachoeira do Campo","Panelas de Pedra Sabão - Cachoeira do Campo"
Cambuquira,"Cachoeira Cascata do Congonhal"
Cambuquira,"Igreja Matriz de São Sebastião"
Cambuquira,"Igreja Nossa Senhora Aparecida"
Cambuquira,"Parque das Águas"
Cambuquira,"Pico do Piripau"
Cambuquira,"Reserva Biologica de Santa Clara"
"Carmo de Minas","Cachoeira Canaã"
"Carmo de Minas","Cafés Especiais - Carmo de Minas"
"Carmo de Minas","Igreja de São Sebastião"
"Carmo de Minas","Pico Agudo"
"Carmo de Minas","Rota do Café Especial"
"Carmo de Minas","Sabores da Estrada Real - Café"
Carrancas,"Cachoeira da Fumaça"
Carrancas,"Cachoeira da Zilda"
Carrancas,"Cachoeira do Luciano"
Carrancas,"Cachoeira do Moinho"
Carrancas,"Cachoeira do Salomão"
Carrancas,"Cachoeira Grande"
Carrancas,"Cachoeira Serrinha"
Carrancas,"Cachoeira Tira Prosa"
"Casa Grande","Gruta do Morcego"
"Casa Grande","Igreja de São Sebastião"
Caxambu,"Águas Minerais - Caxambu"
Caxambu,"Doces - Caxambu"
Caxambu,"Festival Boa Mesa - Caxambu"
Caxambu,"Igreja de Santa Isabel da Hungria"
Caxambu,"Museu Histórico de Caxambu"
Caxambu,"Paróquia Nossa Senhora dos Remédios"
Caxambu,"Parque das Águas de Caxambu"
Caxambu,"Praça XVI de Setembro"
"Conceição da Barra de Minas","Cachoeira do Flavito"
"Conceição da Barra de Minas","Igreja de Santo Antônio"
"Conceição do Rio Verde","Cachoeira do Lemes"
"Conceição do Rio Verde","Corredeiras do Jurumirim"
"Conceição do Rio Verde","Igreja Basílica Nossa Senhora da Conceição"
"Conceição do Rio Verde","Morro do Careca"
"Conceição do Rio Verde","Parque das Águas"
Congonhas,"Basílica do Senhor Bom Jesus de Matosinhos"
Congonhas,"Festival das Quitandas - Congonhas"
Congonhas,"Obras de Aleijadinho em Congonhas"
Congonhas,"Parque da Cachoeira"
"Coronel Xavier Chaves","Alambique - Coronel Xavier Chaves"
"Coronel Xavier Chaves","Árvore do Jequitibá"
"Coronel Xavier Chaves","Cachoeira Baú"
"Coronel Xavier Chaves","Queijo Catauá - Coronel Xavier Chaves"
Cristina,"Cachoeira Lambari"
Cristina,"Café - Cristina"
Cristina,"Festival Café com Música - Cristina"
Cristina,"Igreja Matriz do Divino Espírito Santo"
Cruzília,"Igreja Matriz São Sebastião de Cruzília"
Cruzília,"Museu Nacional do Cavalo Mangalarga Marchador"
Cruzília,"Queijos Finos - Cruzília"
Cunha,"Cachoeiras de Cunha"
Cunha,"Cerâmica de Cunha"
Cunha,"Festa do Pinhão - Cunha"
Cunha,"Festas Folclóricas e Religiosas"
Cunha,"Gastronomia de Cunha"
Cunha,"Igreja Nossa Senhora dos Remédios"
Cunha,"Matriz de Nossa Senhora da Conceição"
Cunha,"Mercado Municipal"
"Delfim Moreira","Azeite Extra Virgem Orgânico - Delfim Moreira"
"Delfim Moreira","Marmelo - Delfim Moreira"
"Dom Viçoso","Mirante da Serrinha - Pedra Boizinho - Chapadão"
"Entre Rios de Minas","Cachoeira do Gordo"
"Entre Rios de Minas","Capela Olhos d'Água"
Glaura,"Carne de Lata - Glaura"
Guaratinguetá,"Festival da Truta - Guaratinguetá"
Guaratinguetá,"Museu Frei Galvão"
Guaratinguetá,"Truta - Guaratinguetá"
Ibituruna,"Igreja Matriz de São Gonçalo do Amarante"
Ingaí,"Cachoeira Paraíso"
Ingaí,"Gruta Nossa Senhora da Piedade"
Itamonte,"Cachoeira da Fragária"
Itamonte,"Parque Nacional Itatiaia"
Itamonte,"Pedra do Picú"
Itanhandu,"Árvore dos Enforcados"
Itanhandu,"Cachoeira da Usina"
Itanhandu,"Cachoeira do Vô Delfim"
Itanhandu,"Festival de Aromas e Sabores - Itanhadu"
Itanhandu,"Igreja Matriz de Itanhandu"
Itanhandu,"Igreja Nossa Senhora Bonsucesso"
Itanhandu,Maluquinho
Itanhandu,"Pedra da Poeira"
Itutinga,"Cachoeira das Andorinhas"
Itutinga,"Cachoeira do Raulino"
Itutinga,"Igreja Matriz de Santo Antônio de Pádua"
Itutinga,"Represa Camargos"
Jesuânia,"Igreja de Nosso Senhor do Bom Jesus"
"Lagoa Dourada","Fazenda do Engenho"
"Lagoa Dourada","Festa do Rocambole - Lagoa Dourada"
"Lagoa Dourada","Igreja Matriz de Santo Antônio"
"Lagoa Dourada","Rocambole - Lagoa Dourada"
Lambari,"Cassino do Lago"
Lambari,"Fonte Luminosa"
Lambari,"Parque Estadual Nova Baden"
Luminárias,"Cachoeira da Serra Grande"
Luminárias,"Cachoeira do Mandembe"
Luminárias,"Caverna da Serra Grande"
Luminárias,"Gruta da Pinguela"
"Maria da Fé","Azeite - Maria da Fé"
"Maria da Fé","Cachoeira do Zé Braga"
"Maria da Fé","Igreja Matriz Nossa Senhora de Lourdes"
Minduri,"Cachoeira do Vorney"
Minduri,"Cachoeira Quebra Chifres"
Minduri,"Igreja Matriz Sagrado Coração de Jesus"
Moeda,"Cachoeira do Paiolinho"
Moeda,"Poço do Limoeiro"
Moeda,"Serra da Moeda"
Nazareno,"Cachoeira da Usina"
Nazareno,"Igreja Nossa Senhora de Nazaré"
Nazareno,"Represa de Camargos"
Paraty,"Cabeça de Índio"
Paraty,"Cachaça - Paraty"
Paraty,"Cachoeira do Tobogã"
Paraty,"Cachoeira Pedra Branca"
Paraty,"Centro Histórico de Paraty"
Paraty,"City Tour em Paraty"
Paraty,"Escuna em Paraty"
Paraty,"Festival da Cachaça, Cultura e Sabores - Paraty"
"Passa Quatro","Cachoeira da Encruza"
"Passa Quatro","Cachoeira da Gomeira"
"Passa Quatro","Cachoeira da Gomeira"
"Passa Quatro","Cachoeira do Andorinhão"
"Passa Quatro","Casa de Cultura de Passa Quatro"
"Passa Quatro","Estação Ferroviária de Passa Quatro"
"Passa Quatro","Festival Gastronômico - Passa Quatro"
"Passa Quatro","Floresta Nacional de Passa Quatro"
"Passa Tempo","Cachoeira Dornelas"
"Passa Tempo","Igreja Matriz de Nossa Senhora da Glória"
"Passa Tempo","Trilha dos Bandeirantes"
"Piedade do Rio Grande","Cachoeira Rio Grande"
"Piedade do Rio Grande","Gruta Nossa Senhora da Piedade"
"Piedade do Rio Grande","Igreja Nossa Senhora do Rosário"
Piquiri,"Cachoeira da Fumaça"
Piquiri,"Vestígios da Estrada Real"
"Pouso Alto","Igreja Matriz Nossa Senhora da Conceição"
Prados,"Artesanato em Bichinho"
Prados,"Capela Nossa Senhora do Rosário"
Prados,"Capela Santo Antônio"
Prados,"Igreja Nossa Senhora da Penha de França"
Prados,"Serra São José"
"Resende Costa","Fazenda Salva Terra"
"Resende Costa","Igreja Matriz de Nossa Senhora da Penha de França"
"Resende Costa","Teatro Municipal de Resende Costa"
Ritápolis,"Cachoeira Jabuiú"
Ritápolis,"Igreja Nossa Senhora do Rosário"
Ritápolis,"Parque Floresta Nacional de Ritápolis"
Ritápolis,"Santuário Diocesano de Santa Rita de Cássia"
"Santa Cruz de Minas","Cachoeira do Bom Despacho"
"Santa Cruz de Minas",Cruzeiro
"Santa Cruz de Minas","Igreja Matriz de São Sebastião"
"Santa Cruz de Minas","Marco Zero da Estrada Real"
"Santa Cruz de Minas","Refúgio de Vida Silvestre Libélulas da Serra"
"Santo Antônio do Leite","Mirante da Pedra"
"São Bartolomeu","Doces de São Bartolomeu"
"São Bartolomeu","Floresta Estadual do Uaimií"
"São Bartolomeu","Igreja Nossa Senhora das Mercês"
"São Bartolomeu","Igreja São Bartolomeu"
"São João del Rei","Casa de Pedra"
"São João del Rei","Catedral Basílica Nossa Senhora do Pilar"
"São João del Rei","Festival Happy Hour - São João del Rei"
"São João del Rei","Igreja de Nossa Senhora das Mercês"
"São João del Rei","Igreja de São Francisco de Assis - São João del Rei"
"São João del Rei","Maria Fumaça São João del-Rei - Tiradentes"
"São João del Rei","Ponte da Cadeia"
"São João del Rei","Prefeitura Municipal"
"São Lourenço","Águas Minerais - São Lourenço"
"São Lourenço","Caminho do Artesanato"
"São Lourenço","Doces - São Lourenço"
"São Lourenço","Ermida Bom Jesus do Monte"
"São Lourenço","Estação Ferroviária de São Lourenço"
"São Lourenço","Igreja Matriz - Paroquia São Lourenço Martir"
"São Lourenço","Parque das Águas"
"São Lourenço","Trem das Águas"
"São Thomé das Letras","Cachoeira Antares"
"São Thomé das Letras","Cachoeira da Chuva"
"São Thomé das Letras","Cachoeira da Eubiose"
"São Thomé das Letras","Cachoeira da Lua"
"São Thomé das Letras","Cachoeira da Ricarda"
"São Thomé das Letras","Cachoeira do Flávio"
"São Thomé das Letras","Cachoeira do Paraíso"
"São Thomé das Letras","Cachoeira Vale das Borboletas"
"São Tiago","Biscoitos - São Tiago"
"São Tiago","Festa do Café com Biscoito - São Tiago"
"São Vicente de Minas","Cachoeira da Ponte do Garcia"
"São Vicente de Minas","Igreja Matriz de São Vicente Férrer"
"São Vicente de Minas","Igreja Nossa Senhora do Rosário"
"São Vicente de Minas","Trilha em São Vicente de Minas"
Serranos,"Cachoeira da Maria Joana"
Serranos,"Cachoeira Santa Fé"
Serranos,"Igreja Nossa Senhora do Bom Sucesso"
Silveiras,"Fundação Nacional do Tropeirismo"
"Soledade de Minas","Queijos - Soledade de Minas"
Tiradentes,Cachaça
Tiradentes,"Canudinho do Chico Doceiro"
Tiradentes,"Capela de São Francisco de Paula"
Tiradentes,"Centro Cultural Yves Alves"
Tiradentes,"Chafariz de São José de Botas"
Tiradentes,"Festival de Cultura e Gastronomia - Tiradentes"
Tiradentes,"Igreja Matriz de Santo Antônio"
Tiradentes,"Igreja Nossa Senhora do Rosário dos Pretos"
Brumadinho,"Brumadinho Gourmet"
Brumadinho,"Inhotim Instituto Cultural"
Brumadinho,"Parque Estadual Serra do Rola Moça"
Caeté,"Cachoeira de Santo Antônio"
Caeté,"Capela Nossa Senhora do Rosário"
Caeté,"Igreja de Nossa Senhora de Nazaré"
Caeté,"Igreja de São Francisco de Assis - Caeté"
Caeté,"Igreja Nossa Senhora do Bom Sucesso"
Caeté,"Igreja Nossa Senhora do Rosário"
Caeté,"Museu Regional de Caeté"
Caeté,"Observatório Astronômico Frei Rosário"
Itabirito,"1º Alto Forno em Carcaça de Aço da America Latina"
Itabirito,"Cachaça - Itabirito"
Itabirito,"Cachoeira Cascalho"
Itabirito,"Cachoeira do Cruzado"
Itabirito,"Capela do Senhor Bom Jesus do Matozinho"
Itabirito,"Capela Nossa Senhora do Rosário"
Itabirito,"Complexo Turístico da Estação Ferroviária"
Itabirito,"Festa do Pastel de Angu - Itabirito"
"Nova Lima","Centro Cultural de Nova Lima"
"Nova Lima","Cervejas artesanais - Nova Lima"
"Nova Lima","Experimente - Nova Lima"
"Nova Lima","Igreja do Nosso Senhor do Bonfim"
"Nova Lima","Igreja Matriz Nossa Senhora do Pilar"
"Nova Lima","Igreja Nossa Senhora do Rosário"
"Nova Lima","Parque Estadual Serra do Rola Moça"
"Nova Lima","Santuário Bom Jesus do Matozinhos"
Raposos,"Matriz de Nossa Senhora da Conceição"
"Rio Acima","Cachoeira Chica Dona"
"Rio Acima","Cachoeira do Sansa"
"Rio Acima","Cachoeira Viana"
"Rio Acima","Feira Fundo de Quintal - Rio Acima"
"Rio Acima","Parque Nacional da Serra do Gandarela"
Sabará,"Capela do Senhor Bom Jesus"
Sabará,"Chafariz do Kaquende"
Sabará,"Festival da Jabuticaba - Sabará"
Sabará,"Festival do Ora-pro-nóbis - Sabará"
Sabará,"Igreja de Nossa Senhora do Carmo"
Sabará,"Igreja Nossa Senhora da Conceição"
Sabará,"Igreja Nossa Senhora das Mercês"
Sabará,"Igreja Nossa Senhora do Ó"
